08:10:40,COM_DUT,hello world

08:10:42,COM_DUT,hello world

08:10:43,COM_DUT,hello world

08:10:45,COM_DUT,hello world

08:10:46,COM_DUT,hello world

08:10:48,COM_DUT,hello world

08:10:49,COM_DUT,hello world

08:10:50,COM_DUT,hello world

08:10:51,COM_DUT,hello world

08:10:52,COM_DUT,hello world

08:10:53,COM_DUT,hello world

08:10:54,COM_DUT,hello world

08:10:54,COM_DUT,hello world

08:10:55,COM_DUT,hello world

08:10:56,COM_DUT,hello world

08:10:57,COM_DUT,hello world

08:10:57,COM_DUT,hello world

08:10:58,COM_DUT,hello world

08:10:59,COM_DUT,hello world

08:11:00,COM_DUT,hello world

08:11:00,COM_DUT,hello world

08:11:01,COM_DUT,hello world

08:11:01,COM_DUT,hello world

08:11:02,COM_DUT,hello world

08:11:02,COM_DUT,hello world

08:11:03,COM_DUT,hello world

08:11:03,COM_DUT,hello wor
08:11:03,COM_DUT,ld

08:11:04,COM_DUT,hello world

08:11:05,COM_DUT,hello world

08:11:05,COM_DUT,hello w
08:11:05,COM_DUT,orld

08:11:06,COM_DUT,hello world
08:11:06,COM_DUT,

08:11:06,COM_DUT,hello world

08:11:06,COM_DUT,hello world

08:11:07,COM_DUT,hello world

08:11:07,COM_DUT,hello world

08:11:07,COM_DUT,he
08:11:07,COM_DUT,llo world

08:11:07,COM_DUT,he
08:11:07,COM_DUT,llo world

08:11:07,COM_DUT,hello worl
08:11:07,COM_DUT,d

08:11:08,COM_DUT,hello world
08:11:08,COM_DUT,

08:11:08,COM_DUT,hello world

08:11:08,COM_DUT,hello world

08:11:09,COM_DUT,hello world

08:11:09,COM_DUT,hello world

08:11:09,COM_DUT,hello world
08:11:09,COM_DUT,

08:11:10,COM_DUT,hello world

08:11:10,COM_DUT,hello world

08:11:10,COM_DUT,hello world

08:11:10,COM_DUT,hello world

08:11:11,COM_DUT,hello world

08:11:11,COM_DUT,hello world

08:11:11,COM_DUT,hel
08:11:11,COM_DUT,lo world

08:11:11,COM_DUT,hello world

08:11:11,COM_DUT,hello world

08:11:12,COM_DUT,hello world

08:11:12,COM_DUT,hello world

