03:05:20,DMM,hello world

03:05:21,DMM,hello world

03:05:22,DMM,hello world

03:05:23,DMM,hello world

03:05:23,DMM,hello world

03:05:23,DMM,hello world

03:05:24,DMM,hello world

03:05:25,DMM,hello world

03:05:26,DMM,hello world

03:05:26,DMM,hello world

03:05:27,DMM,hello world

03:05:27,DMM,hello world

03:05:27,DMM,hello world

03:05:28,DMM,hello world

03:05:31,DMM,hello world

03:05:32,DMM,hello world

03:05:32,DMM,hello world

03:05:32,DMM,hello world

03:05:32,DMM,hello world

03:05:33,DMM,hello world

03:05:33,DMM,hello world

03:05:33,DMM,hello world

03:05:33,DMM,hello world

03:05:34,DMM,hello world

03:05:34,DMM,hello world

03:05:34,DMM,hello world

03:05:34,DMM,hello world

03:05:34,DMM,hello world

03:05:35,DMM,hello world

03:05:35,DMM,hello world

03:05:35,DMM,hello world

03:05:35,DMM,hello world

03:05:35,DMM,hello world

03:05:36,DMM,hello world

03:05:36,DMM,hello world

03:05:36,DMM,hello world

03:05:36,DMM,hello world

03:05:36,DMM,hello world

03:05:37,DMM,hello world

03:05:37,DMM,hello world

03:05:37,DMM,hello world

03:05:37,DMM,hello world

03:05:37,DMM,hello world

03:05:38,DMM,hello world

03:05:38,DMM,hello world

03:05:38,DMM,hello world

03:05:38,DMM,hello world

03:05:39,DMM,hello world

03:05:39,DMM,hello world

03:05:39,DMM,hello world

03:05:39,DMM,hello world

03:05:39,DMM,hello world

03:05:40,DMM,hello world

03:05:40,DMM,hello world

03:05:40,DMM,hello world

03:05:40,DMM,hello world

03:05:41,DMM,hello world

03:05:41,DMM,hello world

03:05:41,DMM,hello world

03:05:42,DMM,hello world

03:05:42,DMM,hello world

03:05:42,DMM,hello world

03:05:43,DMM,hello world

03:05:43,DMM,hello world

03:05:43,DMM,hello world

03:05:43,DMM,hello world

03:05:44,DMM,hello world

03:05:46,DMM,hello world

03:05:47,DMM,hello world

03:05:47,DMM,hello world

03:05:47,DMM,hello world

03:05:47,DMM,hello world

03:05:47,DMM,hello world

