04:02:18,Working,hello"," world
04:02:18,Board,hello, china
04:02:19,Board,change backgroud color"," china

04:02:20,Board,change backgroud color"," china

04:02:20,Board,change backgroud color"," china

04:02:21,Board,change backgroud color"," china

04:02:21,Board,change backgroud color"," china

04:02:21,Board,change backgroud color"," china

04:02:22,Board,change backgroud color"," china

04:02:22,Board,change backgroud color"," china

04:02:23,Board,change backgroud color"," china

04:02:23,Board,change backgroud color"," china

04:02:24,Board,change backgroud color"," china

04:02:24,Board,change backgroud color"," china

04:02:33,Board,change backgroud color"," china

04:02:33,Board,change backgroud color"," china

04:02:34,Board,change backgroud color"," china

04:02:34,Board,change backgroud color"," china

04:02:35,Board,change backgroud color"," china

04:02:35,Board,change backgroud color"," china

04:02:36,Board,change backgroud color"," china

04:02:36,Board,change backgroud color"," china

04:02:36,Board,change backgroud color"," china

04:03:00,Board,change backgroud color"," china

04:03:00,Board,change backgroud color"," china

04:03:01,Board,change backgroud color"," china

04:03:01,Board,change backgroud color"," china

04:03:02,Board,change backgroud color"," china

04:03:02,Board,change backgroud color"," china

04:03:03,Board,change backgroud color"," china

04:03:03,Board,change backgroud color"," china

