04:00:27,Working,hello"," world
04:00:27,Board,hello, china
04:00:28,Board,change backgroud color"," china
04:00:29,Board,change backgroud color"," china
04:00:29,Board,change backgroud color"," china
04:00:30,Board,change backgroud color"," china
04:00:30,Board,change backgroud color"," china
04:00:31,Board,change backgroud color"," china
04:00:32,Board,change backgroud color"," china
04:00:32,Board,change backgroud color"," china
04:00:33,Board,change backgroud color"," china
04:00:33,Board,change backgroud color"," china
04:00:33,Board,change backgroud color"," china
04:00:34,Board,change backgroud color"," china
04:00:34,Board,change backgroud color"," china
04:00:35,Board,change backgroud color"," china
04:00:35,Board,change backgroud color"," china
04:00:36,Board,change backgroud color"," china
04:00:36,Board,change backgroud color"," china
04:00:37,Board,change backgroud color"," china
04:00:37,Board,change backgroud color"," china
04:00:40,Board,change backgroud color"," china
04:00:40,Board,change backgroud color"," china
04:00:41,Board,change backgroud color"," china
04:00:41,Board,change backgroud color"," china
04:00:42,Board,change backgroud color"," china
04:00:42,Board,change backgroud color"," china
04:00:42,Board,change backgroud color"," china
04:00:43,Board,change backgroud color"," china
04:00:43,Board,change backgroud color"," china
04:00:44,Board,change backgroud color"," china
04:00:44,Board,change backgroud color"," china
04:00:45,Board,change backgroud color"," china
04:00:45,Board,change backgroud color"," china
04:00:45,Board,change backgroud color"," china
