01:23:09,Working,runing...
01:23:09,Working,DoWork initial done
01:23:10,Working,runing...
01:23:11,Working,runing...
01:23:12,Working,runing...
01:23:13,Working,runing...
01:23:14,Working,runing...
01:23:15,Working,runing...
01:23:16,Working,runing...
01:23:17,Working,runing...
01:23:18,Working,runing...
01:23:19,Working,runing...
01:23:20,Working,runing...
01:23:21,Working,runing...
01:23:22,Working,runing...
01:23:23,Working,runing...
01:23:24,Working,runing...
01:23:25,Working,runing...
01:23:26,Working,runing...
01:23:27,Working,runing...
01:23:28,Working,runing...
01:23:29,Working,runing...
01:23:30,Working,runing...
01:23:31,Working,runing...
